emp_id,emp_name,email_id,state
1,Denis Hagenes,leroy83@runolfsdottir.info,AS
2,Shiela Altenwerth DDS,kennard18@gmail.com,GA
3,Elois Marquardt PhD,starling15@hermann.com,IN
4,Leila Simonis,kohlerjacey@king-prohaska.net,GA
5,Jerri Spencer,wolffkatarina@hotmail.com,LA
6,Dr. Drusilla Olson MD,concepcion18@hotmail.com,NE
7,Dr. Cade Shields MD,clevie31@hotmail.com,CT
8,Mr. Maximo Bayer DDS,johnsonbelva@yahoo.com,DC
9,Doctor Considine I,jamiereynolds@barton.com,NH
10,Sky Towne,margret22@gmail.com,MD
11,Leta Koch,beerkimberlee@hotmail.com,VT
12,Adison Lemke,jacquelinestanton@damore.com,WV
13,Kadin Kulas,brennen37@swift-simonis.org,PW
14,Leann Hirthe,kylehudson@hudson-graham.biz,PW
15,Windell Cruickshank,ukoepp@gmail.com,AS
16,Miss Michal Carter DDS,elam85@gmail.com,MN
17,Yolanda Kirlin,rodryan@koss-damore.com,OK
18,Loni Senger,clueilwitz@mueller-terry.org,MO
19,Fritz Moore,bmante@hotmail.com,WY
20,Dr. Kurt Murazik DDS,lucacummerata@runolfsson.biz,NH
21,Mr. Delano Ratke IV,monahanamirah@lemke.com,KY
22,Corie Kling,avonrueden@connelly.com,GU
23,Casen Keebler,rutherforderastus@smitham-kohler.com,MI
24,Hernan McClure,sunnyschaden@fisher.com,ID
25,Odus Turner,alisonyost@hotmail.com,VI
26,Era Rohan,jonatanschroeder@yahoo.com,NJ
27,Marcos Pollich,bradhomenick@abshire-powlowski.org,IL
28,Dr. Al Stiedemann Jr.,charles24@yahoo.com,WY
29,Stanton Morar,matilda31@hotmail.com,NV
30,Trevin Ebert II,gleichnermatthias@bernier-lesch.com,PW
31,Regan Gibson,noemie83@gmail.com,AZ
32,Tinie O'Conner,antione35@quitzon.info,CA
33,Dr. Aracely Orn DVM,padbergivan@beier.com,MP
34,Dr. Alessandro Labadie IV,derrellbins@gmail.com,ID
35,Dr. Willian Johnson,loveymorar@tillman.com,WY
36,Lashonda Lemke MD,kiefer85@stokes-howell.info,AL
37,Miss Justina Schinner,lschoen@hotmail.com,FM
38,Ozzie Labadie IV,demonte53@upton.org,KY
39,Haden Legros,dgreenfelder@hotmail.com,AS
